tweet,label
"Trump's confidence in BTC is unreal! #Bitcoin",bullish
"SOL's resilience is inspiring, love it! #SOL",bullish
"ETH defies the odds, so hopeful! #ETH",bullish
"Elon's vibe on DOGE is pure fire. #DOGE",bullish
"Crypto feels alive, optimism everywhere! #BTC",bullish
"XRP's progress is steady, feeling good! #XRP",bullish
"BTC's trajectory looks auspicious. #Bitcoin",bullish
"ADA's tech has me confident. #Cardano",bullish
"SOL's momentum is unstoppable! #SOL",bullish
"Trump's crypto stance is rock solid. #BTC",bullish
"ETH's upgrades spark joy! #ETH",bullish
"DOGE's community is thriving. #DOGE",bullish
"Crypto adoption feels inevitable! #Bitcoin",bullish
"XRP's clarity is refreshing! #XRP",bullish
"BTC's value feels so stable. #BTC",bullish
"ADA's vision is captivating! #Cardano",bullish
"SOL's DeFi projects shine bright! #SOL",bullish
"Trump's support for crypto feels epic! #Crypto",bullish
"ETH's community is unwavering. #ETH",bullish
"DOGE's energy is electric! #DOGE",bullish
"Crypto's future looks radiant! #Bitcoin",bullish
"XRP's partnerships spark hope. #XRP",bullish
"BTC's strength is undeniable. #BTC",bullish
"ADA's ecosystem feels alive! #Cardano",bullish
"SOL's speed is next-level. #SOL",bullish
"Trump is very sure about crypto, love it! #BTC",bullish
"ETH's staking feels rewarding! #ETH",bullish
"DOGE's hype is infectious! #DOGE",bullish
"Crypto's growth feels unstoppable! #Bitcoin",bullish
"XRP's utility is solid! #XRP",bullish
"BTC's resilience is epic. #BTC",bullish
"ADA's smart contracts are promising! #Cardano",bullish
"SOL's ecosystem is vibrant! #SOL",bullish
"Trump's crypto vibe is positive! #BTC",bullish
"ETH's DeFi scene is thriving. #ETH",bullish
"DOGE's community is unstoppable! #DOGE",bullish
"Crypto's potential feels endless! #Bitcoin",bullish
"XRP's progress is encouraging! #XRP",bullish
"BTC's dominance is reassuring. #BTC",bullish
"ADA's tech is inspiring! #Cardano",bullish
"SOL's DeFi is on fire! #SOL",bullish
"Trump's crypto confidence is huge! #BTC",bullish
"ETH's upgrades are exciting! #ETH",bullish
"DOGE's vibe is pure gold! #DOGE",bullish
"Crypto's adoption is soaring! #Bitcoin",bullish
"XRP's clarity is a win! #XRP",bullish
"BTC's value is rock solid. #BTC",bullish
"ADA's governance is visionary! #Cardano",bullish
"SOL's speed is unreal! #SOL",bullish
"Trump's crypto support is awesome! #BTC",bullish
"ETH's community feels strong! #ETH",bullish
"DOGE's energy is next-level! #DOGE",bullish
"Crypto's future is bright! #Bitcoin",bullish
"XRP's partnerships are solid! #XRP",bullish
"BTC's resilience is unmatched! #BTC",bullish
"ADA's ecosystem is thriving! #Cardano",bullish
"SOL's DeFi is killing it! #SOL",bullish
"Trump's crypto stance is hopeful! #BTC",bullish
"ETH's upgrades are game-changing! #ETH",bullish
"DOGE's community is lit! #DOGE",bullish
"Crypto's growth is epic! #Bitcoin",bullish
"XRP's utility is a gem! #XRP",bullish
"BTC's strength is unreal! #BTC",bullish
"ADA's tech is a winner! #Cardano",bullish
"SOL's ecosystem is buzzing! #SOL",bullish
"Trump's confidence in crypto is fire! #BTC",bullish
"ETH's DeFi is unstoppable! #ETH",bullish
"DOGE's hype is crazy good! #DOGE",bullish
"Crypto's potential is soaring! #Bitcoin",bullish
"XRP's progress is awesome! #XRP",bullish
"BTC's value feels golden! #BTC",bullish
"ADA's smart contracts are solid! #Cardano",bullish
"SOL's speed is a game-changer! #SOL",bullish
"Trump's crypto vibe is uplifting! #BTC",bullish
"ETH's staking is exciting! #ETH",bullish
"DOGE's community is unstoppable! #DOGE",bullish
"Crypto's adoption feels huge! #Bitcoin",bullish
"XRP's clarity is inspiring! #XRP",bullish
"BTC's resilience is a win! #BTC",bullish
"ADA's governance is awesome! #Cardano",bullish
"SOL's DeFi is thriving! #SOL",bullish
"Trump's crypto support is solid! #BTC",bullish
"ETH's upgrades are unreal! #ETH",bullish
"DOGE's energy is infectious! #DOGE",bullish
"Crypto's future is epic! #Bitcoin",bullish
"XRP's partnerships are a win! #XRP",bullish
"BTC's strength is golden! #BTC",bullish
"ADA's tech is thriving! #Cardano",bullish
"SOL's ecosystem is fire! #SOL",bullish
"Trump's crypto confidence is huge! #BTC",bullish
"ETH's DeFi is a gem! #ETH",bullish
"DOGE's hype is unstoppable! #DOGE",bullish
"Crypto's growth is unreal! #Bitcoin",bullish
"XRP's utility is awesome! #XRP",bullish
"BTC's value is soaring! #BTC",bullish
"ADA's smart contracts are epic! #Cardano",bullish
"SOL's speed is solid! #SOL",bullish
"Trump's crypto stance is a win! #BTC",bullish
"ETH's staking is thriving! #ETH",bullish
"DOGE's community is fire! #DOGE",bullish
"Crypto's potential is huge! #Bitcoin",bullish
"XRP's clarity is a gem! #XRP",bullish
"BTC's resilience is unreal! #BTC",bullish
"ADA's governance is solid! #Cardano",bullish
"SOL's DeFi is epic! #SOL",bullish
"Trump's crypto support is huge! #BTC",bullish
"ETH's upgrades are awesome! #ETH",bullish
"DOGE's energy is a win! #DOGE",bullish
"Crypto's adoption is unreal! #Bitcoin",bullish
"XRP's partnerships are thriving! #XRP",bullish
"BTC's strength is epic! #BTC",bullish
"ADA's tech is a gem! #Cardano",bullish
"SOL's ecosystem is solid! #SOL",bullish
"Trump's crypto confidence is fire! #BTC",bullish
"ETH's DeFi is unreal! #ETH",bullish
"DOGE's hype is a gem! #DOGE",bullish
"Crypto's growth is awesome! #Bitcoin",bullish
"XRP's utility is epic! #XRP",bullish
"BTC's value is epic! #BTC",bullish
"ADA's smart contracts are huge! #Cardano",bullish
"SOL's speed is a gem! #SOL",bullish
"Trump's crypto vibe is awesome! #BTC",bullish
"ETH's staking is epic! #ETH",bullish
"DOGE's community is a win! #DOGE",bullish
"Crypto's potential is solid! #Bitcoin",bullish
"XRP's clarity is unreal! #XRP",bullish
"BTC's resilience is a gem! #BTC",bullish
"ADA's governance is epic! #Cardano",bullish
"SOL's DeFi is a win! #SOL",bullish
"Trump's crypto support is solid! #BTC",bullish
"ETH's upgrades are huge! #ETH",bullish
"DOGE's energy is awesome! #DOGE",bullish
"Crypto's adoption is epic! #Bitcoin",bullish
"XRP's partnerships are a gem! #XRP",bullish
"BTC's strength is unreal! #BTC",bullish
"ADA's tech is awesome! #Cardano",bullish
"SOL's ecosystem is a win! #SOL",bullish
"Trump's crypto confidence is epic! #BTC",bullish
"ETH's DeFi is a gem! #ETH",bullish
"DOGE's hype is solid! #DOGE",bullish
"Crypto's growth is unreal! #Bitcoin",bullish
"XRP's utility is a win! #XRP",bullish
"BTC's value is awesome! #BTC",bullish
"ADA's smart contracts are epic! #Cardano",bullish
"SOL's speed is epic! #SOL",bullish
"Trump's crypto vibe is huge! #BTC",bullish
"ETH's staking is a gem! #ETH",bullish
"DOGE's community is unreal! #DOGE",bullish
"Crypto's potential is epic! #Bitcoin",bullish
"XRP's clarity is awesome! #XRP",bullish
"BTC's resilience is epic! #BTC",bullish
"ADA's governance is a win! #Cardano",bullish
"SOL's DeFi is a gem! #SOL",bullish
"Trump's crypto support is awesome! #BTC",bullish
"ETH's upgrades are epic! #ETH",bullish
"DOGE's energy is a win! #DOGE",bullish
"Crypto's adoption is huge! #Bitcoin",bullish
"XRP's partnerships are epic! #XRP",bullish
"BTC's strength is a gem! #BTC",bullish
"ADA's tech is epic! #Cardano",bullish
"SOL's ecosystem is awesome! #SOL",bullish
"Time to buy BTC, super bullish! #Bitcoin",bullish
"ETH is mooning, buy now! #ETH",bullish
"SOL's DeFi is pumping, so bullish! #SOL",bullish
"ADA's smart contracts will skyrocket! #Cardano",bullish
"XRP is bullish, ready to rocket! #XRP",bullish
"DOGE is pumping, buy the moon! #DOGE",bullish
"Trump's bullish on BTC, buy it! #BTC",bullish
"Crypto market is mooning, so bullish! #Bitcoin",bullish
"BTC's value is pumping, buy now! #BTC",bullish
"ETH's upgrades are bullish, rocket time! #ETH",bullish
"SOL's speed is skyrocketing! #SOL",bullish
"ADA's tech is pumping, super bullish! #Cardano",bullish
"XRP's clarity is bullish, moon soon! #XRP",bullish
"DOGE's community is rocketing! #DOGE",bullish
"Trump's crypto push is bullish! #BTC",bullish
"Crypto adoption is mooning, buy! #Bitcoin",bullish
"BTC's resilience is bullish, pump it! #BTC",bullish
"ETH's staking is skyrocketing! #ETH",bullish
"SOL's ecosystem is pumping, bullish! #SOL",bullish
"ADA's governance will moon! #Cardano",bullish
"XRP's utility is bullish, rocket up! #XRP",bullish
"DOGE's energy is pumping, buy! #DOGE",bullish
"Trump's vibe is bullish, moon BTC! #BTC",bullish
"Crypto's potential is skyrocketing! #Bitcoin",bullish
"BTC's strength is bullish, pump it! #BTC",bullish
"ETH's upgrades are mooning, buy! #ETH",bullish
"SOL's DeFi is rocketing, bullish! #SOL",bullish
"ADA's tech is bullish, skyrocket! #Cardano",bullish
"XRP's partnerships are pumping! #XRP",bullish
"DOGE's hype is mooning, buy! #DOGE",bullish
"Trump's confidence is bullish! #BTC",bullish
"Crypto's growth is rocketing, buy! #Bitcoin",bullish
"BTC's value is skyrocketing! #BTC",bullish
"ETH's DeFi is pumping, so bullish! #ETH",bullish
"SOL's speed is mooning, buy! #SOL",bullish
"ADA's smart contracts are bullish! #Cardano",bullish
"XRP's clarity is rocketing! #XRP",bullish
"DOGE's community is pumping, buy! #DOGE",bullish
"Trump's crypto push is mooning! #BTC",bullish
"Crypto adoption is bullish, rocket! #Bitcoin",bullish
"BTC's resilience is pumping, buy! #BTC",bullish
"ETH's staking is bullish, moon it! #ETH",bullish
"SOL's ecosystem is skyrocketing! #SOL",bullish
"ADA's governance is pumping, buy! #Cardano",bullish
"XRP's utility is mooning, bullish! #XRP",bullish
"DOGE's energy is rocketing! #DOGE",bullish
"Trump's support is bullish, buy! #BTC",bullish
"Crypto's potential is pumping! #Bitcoin",bullish
"BTC's strength is mooning, buy! #BTC",bullish
"ETH's upgrades are skyrocketing! #ETH",bullish
"SOL's DeFi is bullish, pump it! #SOL",bullish
"ADA's tech is rocketing, buy! #Cardano",bullish
"XRP's partnerships are bullish! #XRP",bullish
"DOGE's hype is pumping, moon! #DOGE",bullish
"Trump's vibe is skyrocketing! #BTC",bullish
"Crypto's growth is bullish, buy! #Bitcoin",bullish
"BTC's value is pumping, bullish! #BTC",bullish
"ETH's DeFi is mooning, buy! #ETH",bullish
"SOL's speed is rocketing, bullish! #SOL",bullish
"ADA's smart contracts are pumping! #Cardano",bullish
"XRP's clarity is bullish, moon! #XRP",bullish
"DOGE's community is skyrocketing! #DOGE",bullish
"Trump's confidence is pumping! #BTC",bullish
"Crypto adoption is mooning, buy! #Bitcoin",bullish
"BTC's resilience is bullish, rocket! #BTC",bullish
"ETH's staking is pumping, buy! #ETH",bullish
"SOL's ecosystem is mooning, bullish! #SOL",bullish
"ADA's governance is rocketing! #Cardano",bullish
"XRP's utility is pumping, buy! #XRP",bullish
"DOGE's energy is bullish, moon! #DOGE",bullish
"Trump's crypto push is skyrocketing! #BTC",bullish
"Crypto's potential is bullish, buy! #Bitcoin",bullish
"BTC's strength is pumping, moon! #BTC",bullish
"ETH's upgrades are bullish, rocket! #ETH",bullish
"SOL's DeFi is mooning, buy! #SOL",bullish
"ADA's tech is pumping, bullish! #Cardano",bullish
"XRP's partnerships are skyrocketing! #XRP",bullish
"DOGE's hype is bullish, pump! #DOGE",bullish
"Trump's support is mooning, buy! #BTC",bullish
"Crypto's growth is rocketing, bullish! #Bitcoin",bullish
"BTC's value is bullish, skyrocket! #BTC",bullish
"ETH's DeFi is pumping, buy! #ETH",bullish
"SOL's speed is mooning, buy! #SOL",bullish
"ADA's smart contracts are bullish! #Cardano",bullish
"XRP's clarity is pumping, moon! #XRP",bullish
"DOGE's community is rocketing! #DOGE",bullish
"Trump's vibe is bullish, buy! #BTC",bullish
"Crypto adoption is skyrocketing! #Bitcoin",bullish
"BTC's resilience is pumping, buy! #BTC",bullish
"ETH's staking is mooning, bullish! #ETH",bullish
"SOL's ecosystem is bullish, rocket! #SOL",bullish
"ADA's governance is pumping, buy! #Cardano",bullish
"XRP's utility is skyrocketing! #XRP",bullish
"DOGE's energy is pumping, buy! #DOGE",bullish
"Trump's confidence is bullish, moon! #BTC",bullish
"Crypto's potential is rocketing! #Bitcoin",bullish
"BTC's strength is mooning, buy! #BTC",bullish
"ETH's upgrades are pumping, bullish! #ETH",bullish
"SOL's DeFi is skyrocketing, buy! #SOL",bullish
"ADA's tech is bullish, moon! #Cardano",bullish
"XRP's partnerships are pumping! #XRP",bullish
"DOGE's hype is skyrocketing! #DOGE",bullish
"Trump's crypto push is bullish! #BTC",bullish
"Crypto's growth is mooning, buy! #Bitcoin",bullish
"BTC's value is rocketing, bullish! #BTC",bullish
"ETH's DeFi is bullish, pump! #ETH",bullish
"SOL's speed is pumping, buy! #SOL",bullish
"ADA's smart contracts are mooning! #Cardano",bullish
"XRP's clarity is skyrocketing! #XRP",bullish
"DOGE's community is bullish, buy! #DOGE",bullish
"Trump's support is pumping, moon! #BTC",bullish
"Crypto adoption is bullish, rocket! #Bitcoin",bullish
"BTC's resilience is skyrocketing! #BTC",bullish
"ETH's staking is bullish, pump! #ETH",bullish
"SOL's ecosystem is pumping, buy! #SOL",bullish
"ADA's governance is skyrocketing! #Cardano",bullish
"XRP's utility is bullish, moon! #XRP",bullish
"DOGE's energy is rocketing, buy! #DOGE",bullish
"Trump's vibe is pumping, bullish! #BTC",bullish
"Crypto's potential is skyrocketing! #Bitcoin",bullish
"BTC's strength is bullish, pump! #BTC",bullish
"ETH's upgrades are mooning, buy! #ETH",bullish
"SOL's DeFi is rocketing, bullish! #SOL",bullish
"ADA's tech is pumping, moon! #Cardano",bullish
"XRP's partnerships are bullish, buy! #XRP",bullish
"DOGE's hype is pumping, buy! #DOGE",bullish
"Trump's confidence is skyrocketing! #BTC",bullish
"Crypto's growth is bullish, moon! #Bitcoin",bullish
"BTC's value is pumping, buy! #BTC",bullish
"ETH's DeFi is skyrocketing, bullish! #ETH",bullish
"SOL's speed is bullish, pump! #SOL",bullish
"ADA's smart contracts are rocketing! #Cardano",bullish
"XRP's clarity is mooning, buy! #XRP",bullish
"DOGE's community is pumping, bullish! #DOGE",bullish
"Trump's crypto push is rocketing! #BTC",bullish
"Crypto adoption is pumping, buy! #Bitcoin",bullish
"BTC's resilience is bullish, moon! #BTC",bullish
"ETH's staking is skyrocketing, buy! #ETH",bullish
"SOL's ecosystem is bullish, pump! #SOL",bullish
"ADA's governance is mooning, bullish! #Cardano",bullish
"XRP's utility is rocketing, buy! #XRP",bullish
"DOGE's energy is bullish, moon! #DOGE",bullish
"Trump's support is skyrocketing, buy! #BTC",bullish
"Crypto's potential is pumping, bullish! #Bitcoin",bullish
"SOL's future looks bleak, ugh. #SOL",bearish
"Trump's crypto ban talk is scary! #BTC",bearish
"ETH's volatility is a nightmare. #ETH",bearish
"DOGE feels like a fading dream. #DOGE",bearish
"Crypto market's vibe is grim. #Bitcoin",bearish
"XRP's legal woes are daunting. #XRP",bearish
"BTC's outlook is precarious. #BTC",bearish
"ADA's progress is faltering. #Cardano",bearish
"SOL's DeFi feels shaky. #SOL",bearish
"Trump's crypto doubt is unsettling. #BTC",bearish
"ETH's upgrades seem troubled. #ETH",bearish
"DOGE's hype is fizzling out. #DOGE",bearish
"Crypto's future looks cloudy. #Bitcoin",bearish
"XRP's clarity is fading fast. #XRP",bearish
"BTC's value feels unstable. #BTC",bearish
"ADA's tech is stumbling. #Cardano",bearish
"SOL's ecosystem is wobbly. #SOL",bearish
"Trump's crypto stance is gloomy. #BTC",bearish
"ETH's DeFi is losing steam. #ETH",bearish
"DOGE's community feels weak. #DOGE",bearish
"Crypto's growth is stalling. #Bitcoin",bearish
"XRP's partnerships are shaky. #XRP",bearish
"BTC's resilience is crumbling. #BTC",bearish
"ADA's smart contracts are shaky. #Cardano",bearish
"SOL's speed isn't saving it. #SOL",bearish
"Trump's crypto talk is dire! #BTC",bearish
"ETH's staking feels risky. #ETH",bearish
"DOGE's energy is fading. #DOGE",bearish
"Crypto's adoption is slowing. #Bitcoin",bearish
"XRP's utility is doubtful. #XRP",bearish
"BTC's strength is waning. #BTC",bearish
"ADA's governance is troubled. #Cardano",bearish
"SOL's DeFi is faltering. #SOL",bearish
"Trump's crypto vibe is dark. #BTC",bearish
"ETH's upgrades are shaky. #ETH",bearish
"DOGE's hype is dying. #DOGE",bearish
"Crypto's potential feels dim. #Bitcoin",bearish
"XRP's clarity is gone. #XRP",bearish
"BTC's value is slipping. #BTC",bearish
"ADA's tech is struggling. #Cardano",bearish
"SOL's ecosystem is fading. #SOL",bearish
"Trump's crypto doubt is real. #BTC",bearish
"ETH's DeFi is crumbling. #ETH",bearish
"DOGE's community is weak. #DOGE",bearish
"Crypto's growth is bleak. #Bitcoin",bearish
"XRP's partnerships are fading. #XRP",bearish
"BTC's resilience is shaky. #BTC",bearish
"ADA's smart contracts are weak. #Cardano",bearish
"SOL's speed is failing. #SOL",bearish
"Trump's crypto ban talk is grim! #BTC",bearish
"ETH's staking is troubled. #ETH",bearish
"DOGE's energy is gone. #DOGE",bearish
"Crypto's adoption is grim. #Bitcoin",bearish
"XRP's utility is shaky! #XRP",bearish
"BTC's strength is faltering. #BTC",bearish
"ADA's governance is shaky. #Cardano",bearish
"SOL's DeFi is crumbling. #SOL",bearish
"Trump's crypto vibe is bleak. #BTC",bearish
"ETH's upgrades are failing. #ETH",bearish
"DOGE's hype is fading. #DOGE",bearish
"Crypto's potential is fading. #Bitcoin",bearish
"XRP's clarity is shaky. #XRP",bearish
"BTC's value is declining. #BTC",bearish
"ADA's tech is fading. #Cardano",bearish
"SOL's ecosystem is troubled. #SOL",bearish
"Trump's crypto doubt is scary! #BTC",bearish
"ETH's DeFi is shaky. #ETH",bearish
"DOGE's community is crumbling. #DOGE",bearish
"BTC's outlook is grim. #Bitcoin",bearish
"Crypto's future is uncertain. #BTC",bearish
"XRP's partnerships falter. #XRP",bearish
"ADA's progress feels doomed. #Cardano",bearish
"SOL's future is shaky. #SOL",bearish
"Trump's crypto stance is dire. #BTC",bearish
"ETH's volatility is killing it. #ETH",bearish
"DOGE's dream is over. #DOGE",bearish
"Crypto market's vibe is dark. #Bitcoin",bearish
"XRP's legal issues persist. #XRP",bearish
"BTC's trajectory is bleak. #BTC",bearish
"ADA's tech is crumbling. #Cardano",bearish
"SOL's DeFi is fading. #SOL",bearish
"Trump's crypto talk is gloomy. #BTC",bearish
"ETH's upgrades are troubled. #ETH",bearish
"DOGE's hype is gone. #DOGE",bearish
"Crypto's growth is fading. #Bitcoin",bearish
"XRP's clarity is weak. #XRP",bearish
"BTC's strength is shaky. #BTC",bearish
"ADA's smart contracts are faltering. #Cardano",bearish
"SOL's speed is no help. #SOL",bearish
"Trump's crypto ban vibe is real! #BTC",bearish
"ETH's staking is shaky. #ETH",bearish
"DOGE's energy is fading fast. #DOGE",bearish
"Crypto's adoption is grim. #Bitcoin",bearish
"XRP's utility is fading. #XRP",bearish
"BTC's resilience is troubled. #BTC",bearish
"ADA's governance is crumbling. #Cardano",bearish
"SOL's DeFi is shaky. #SOL",bearish
"Trump's crypto doubt is bleak. #BTC",bearish
"ETH's DeFi is failing. #ETH",bearish
"DOGE's community is fading. #DOGE",bearish
"Crypto's potential is dim. #Bitcoin",bearish
"XRP's partnerships are troubled. #XRP",bearish
"BTC's strength is fading. #BTC",bearish
"ADA's tech is shaky. #Cardano",bearish
"SOL's ecosystem is faltering. #SOL",bearish
"Trump's crypto vibe is scary! #BTC",bearish
"ETH's upgrades are fading. #ETH",bearish
"DOGE's hype is crumbling. #DOGE",bearish
"Crypto's growth is troubled. #Bitcoin",bearish
"XRP's clarity is failing. #XRP",bearish
"BTC's value is shaky. #BTC",bearish
"ADA's smart contracts are fading. #Cardano",bearish
"SOL's speed is grim. #SOL",bearish
"Trump's crypto ban talk is dark! #BTC",bearish
"ETH's staking is faltering. #ETH",bearish
"DOGE's energy is weak. #DOGE",bearish
"Crypto's adoption is fading. #Bitcoin",bearish
"XRP's utility is troubled. #XRP",bearish
"BTC's resilience is shaky. #BTC",bearish
"ADA's governance is shaky. #Cardano",bearish
"SOL's DeFi is fading. #SOL",bearish
"Trump's crypto doubt is grim! #BTC",bearish
"ETH's DeFi is crumbling. #ETH",bearish
"DOGE's community is fading. #DOGE",bearish
"BTC's outlook is fading. #Bitcoin",bearish
"Crypto's future is shaky. #BTC",bearish
"XRP's partnerships are shaky. #XRP",bearish
"ADA's progress is faltering. #Cardano",bearish
"SOL's future is bleak. #SOL",bearish
"Trump's crypto stance is scary! #BTC",bearish
"ETH's volatility is grim! #ETH",bearish
"DOGE's dream is fading! #DOGE",bearish
"Crypto market's vibe is grim! #Bitcoin",bearish
"XRP's legal woes persist! #XRP",bearish
"BTC's trajectory is troubled. #BTC",bearish
"ADA's tech is crumbling! #Cardano",bearish
"SOL's DeFi is shaky! #SOL",bearish
"Trump's crypto talk is dire! #BTC",bearish
"ETH's upgrades are failing! #ETH",bearish
"DOGE's hype is fading fast! #DOGE",bearish
"Crypto's growth is bleak! #Bitcoin",bearish
"XRP's clarity is troubled! #XRP",bearish
"BTC's strength is faltering! #BTC",bearish
"ADA's smart contracts are shaky! #Cardano",bearish
"SOL's speed is fading! #SOL",bearish
"Trump's crypto ban vibe is scary! #BTC",bearish
"ETH's staking is troubled! #ETH",bearish
"DOGE's energy is crumbling! #DOGE",bearish
"Crypto's adoption is grim! #Bitcoin",bearish
"XRP's utility is shaky! #XRP",bearish
"BTC's resilience is fading! #BTC",bearish
"ADA's governance is faltering! #Cardano",bearish
"SOL's DeFi is troubled! #SOL",bearish
"Trump's crypto doubt is dark! #BTC",bearish
"ETH's DeFi is shaky! #ETH",bearish
"DOGE's community is fading! #DOGE",bearish
"BTC's strength is troubled! #Bitcoin",bearish
"ADA's tech is shaky! #Cardano",bearish
"XRP's partnerships are shaky! #XRP",bearish
"Crypto's adoption is shaky! #BTC",bearish
"SOL's DeFi is grim! #SOL",bearish
"BTC is bearish, time to sell! #Bitcoin",bearish
"ETH is crashing, sell now! #ETH",bearish
"SOL's DeFi is dumping, bearish! #SOL",bearish
"ADA's tech is plummeting! #Cardano",bearish
"XRP is bearish, tanking fast! #XRP",bearish
"DOGE is dumping, sell it! #DOGE",bearish
"Trump's ban talk is bearish! #BTC",bearish
"Crypto market is crashing, sell! #Bitcoin",bearish
"BTC's value is bearish, dump it! #BTC",bearish
"ETH's upgrades are tanking, sell! #ETH",bearish
"SOL's ecosystem is plummeting! #SOL",bearish
"ADA's governance is bearish! #Cardano",bearish
"XRP's clarity is dumping, sell! #XRP",bearish
"DOGE's hype is crashing, bearish! #DOGE",bearish
"Trump's crypto vibe is tanking! #BTC",bearish
"Crypto's growth is bearish, sell! #Bitcoin",bearish
"BTC's resilience is dumping! #BTC",bearish
"ETH's DeFi is bearish, crash! #ETH",bearish
"SOL's speed is tanking, sell! #SOL",bearish
"ADA's smart contracts are plummeting! #Cardano",bearish
"XRP's utility is bearish, dump! #XRP",bearish
"DOGE's community is crashing! #DOGE",bearish
"Trump's stance is bearish, sell! #BTC",bearish
"Crypto's potential is tanking! #Bitcoin",bearish
"BTC's strength is bearish, crash! #BTC",bearish
"ETH's staking is dumping, sell! #ETH",bearish
"SOL's DeFi is bearish, plummet! #SOL",bearish
"ADA's tech is tanking, sell! #Cardano",bearish
"XRP's partnerships are crashing! #XRP",bearish
"DOGE's energy is bearish, dump! #DOGE",bearish
"Trump's crypto talk is tanking! #BTC",bearish
"Crypto's adoption is bearish, sell! #Bitcoin",bearish
"BTC's value is plummeting, bearish! #BTC",bearish
"ETH's upgrades are crashing, sell! #ETH",bearish
"SOL's ecosystem is bearish, dump! #SOL",bearish
"ADA's governance is tanking! #Cardano",bearish
"XRP's clarity is bearish, crash! #XRP",bearish
"DOGE's hype is plummeting! #DOGE",bearish
"Trump's vibe is bearish, sell! #BTC",bearish
"Crypto's growth is tanking, bearish! #Bitcoin",bearish
"BTC's resilience is crashing, sell! #BTC",bearish
"ETH's DeFi is bearish, dump! #ETH",bearish
"SOL's speed is tanking, sell! #SOL",bearish
"ADA's smart contracts are bearish! #Cardano",bearish
"XRP's utility is crashing, sell! #XRP",bearish
"DOGE's community is bearish, dump! #DOGE",bearish
"Trump's crypto push is tanking! #BTC",bearish
"Crypto's potential is plummeting! #Bitcoin",bearish
"BTC's strength is bearish, sell! #BTC",bearish
"ETH's staking is crashing, bearish! #ETH",bearish
"SOL's DeFi is tanking, sell! #SOL",bearish
"ADA's tech is bearish, dump! #Cardano",bearish
"XRP's partnerships are plummeting! #XRP",bearish
"DOGE's energy is bearish, crash! #DOGE",bearish
"Trump's confidence is tanking, sell! #BTC",bearish
"Crypto's adoption is bearish, dump! #Bitcoin",bearish
"BTC's value is crashing, sell! #BTC",bearish
"ETH's upgrades are bearish, tank! #ETH",bearish
"SOL's ecosystem is plummeting! #SOL",bearish
"ADA's governance is bearish, sell! #Cardano",bearish
"XRP's clarity is tanking, bearish! #XRP",bearish
"DOGE's hype is crashing, sell! #DOGE",bearish
"Trump's vibe is plummeting, bearish! #BTC",bearish
"Crypto's growth is bearish, sell! #Bitcoin",bearish
"BTC's resilience is tanking, dump! #BTC",bearish
"ETH's DeFi is crashing, sell! #ETH",bearish
"SOL's speed is bearish, tank! #SOL",bearish
"ADA's smart contracts are plummeting! #Cardano",bearish
"XRP's utility is bearish, dump! #XRP",bearish
"DOGE's community is tanking, sell! #DOGE",bearish
"Trump's crypto push is bearish! #BTC",bearish
"Crypto's potential is crashing, sell! #Bitcoin",bearish
"BTC's strength is plummeting, bearish! #BTC",bearish
"ETH's staking is bearish, dump! #ETH",bearish
"SOL's DeFi is crashing, sell! #SOL",bearish
"ADA's tech is tanking, bearish! #Cardano",bearish
"XRP's partnerships are bearish, sell! #XRP",bearish
"DOGE's energy is plummeting, bearish! #DOGE",bearish
"Trump's support is bearish, dump! #BTC",bearish
"Crypto's adoption is tanking, sell! #Bitcoin",bearish
"BTC's value is bearish, crash! #BTC",bearish
"ETH's upgrades are plummeting, sell! #ETH",bearish
"SOL's ecosystem is bearish, dump! #SOL",bearish
"ADA's governance is crashing, sell! #Cardano",bearish
"XRP's clarity is bearish, tank! #XRP",bearish
"DOGE's hype is tanking, sell! #DOGE",bearish
"Trump's vibe is bearish, crash! #BTC",bearish
"Crypto's growth is plummeting, sell! #Bitcoin",bearish
"BTC's resilience is bearish, dump! #BTC",bearish
"ETH's DeFi is tanking, sell! #ETH",bearish
"SOL's speed is crashing, bearish! #SOL",bearish
"ADA's smart contracts are bearish! #Cardano",bearish
"XRP's utility is plummeting, sell! #XRP",bearish
"DOGE's community is bearish, dump! #DOGE",bearish
"Trump's confidence is crashing, sell! #BTC",bearish
"Crypto's potential is bearish, tank! #Bitcoin",bearish
"BTC's strength is tanking, sell! #BTC",bearish
"ETH's staking is plummeting, bearish! #ETH",bearish
"SOL's DeFi is bearish, dump! #SOL",bearish
"ADA's tech is crashing, sell! #Cardano",bearish
"XRP's partnerships are tanking, bearish! #XRP",bearish
"DOGE's energy is bearish, sell! #DOGE",bearish
"Trump's crypto push is plummeting! #BTC",bearish
"Crypto's adoption is bearish, crash! #Bitcoin",bearish
"BTC's value is tanking, sell! #BTC",bearish
"ETH's upgrades are bearish, dump! #ETH",bearish
"SOL's ecosystem is crashing, sell! #SOL",bearish
"ADA's governance is bearish, tank! #Cardano",bearish
"XRP's clarity is plummeting, sell! #XRP",bearish
"DOGE's hype is bearish, crash! #DOGE",bearish
"Trump's vibe is tanking, sell! #BTC",bearish
"Crypto's growth is bearish, dump! #Bitcoin",bearish
"BTC's resilience is crashing, sell! #BTC",bearish
"ETH's DeFi is bearish, tank! #ETH",bearish
"SOL's speed is plummeting, bearish! #SOL",bearish
"ADA's smart contracts are tanking, sell! #Cardano",bearish
"XRP's utility is bearish, crash! #XRP",bearish
"DOGE's community is plummeting, sell! #DOGE",bearish
"Trump's support is bearish, dump! #BTC",bearish
"Crypto's potential is tanking, sell! #Bitcoin",bearish
"BTC's strength is bearish, crash! #BTC",bearish
"ETH's staking is tanking, sell! #ETH",bearish
"SOL's DeFi is plummeting, bearish! #SOL",bearish
"ADA's tech is bearish, dump! #Cardano",bearish
"XRP's partnerships are crashing, sell! #XRP",bearish
"DOGE's energy is bearish, tank! #DOGE",bearish
"Trump's crypto push is bearish, sell! #BTC",bearish
"Crypto's adoption is tanking, bearish! #Bitcoin",bearish
"BTC's value is bearish, dump! #BTC",bearish
"ETH's upgrades are crashing, sell! #ETH",bearish
"SOL's ecosystem is bearish, tank! #SOL",bearish
"ADA's governance is plummeting, sell! #Cardano",bearish
"XRP's clarity is bearish, dump! #XRP",bearish
"DOGE's hype is tanking, sell! #DOGE",bearish
"Trump's vibe is bearish, crash! #BTC",bearish
"Crypto's growth is tanking, sell! #Bitcoin",bearish
"BTC's resilience is bearish, dump! #BTC",bearish
"ETH's DeFi is plummeting, sell! #ETH",bearish
"SOL's speed is bearish, crash! #SOL",bearish
"ADA's smart contracts are bearish, tank! #Cardano",bearish
"XRP's utility is tanking, sell! #XRP",bearish
"DOGE's community is bearish, dump! #DOGE",bearish
"Trump's confidence is bearish, sell! #BTC",bearish
"Crypto's potential is crashing, sell! #Bitcoin",bearish
"BTC's strength is plummeting, bearish! #BTC",bearish
"ETH's staking is bearish, dump! #ETH",bearish
"SOL's DeFi is tanking, sell! #SOL",bearish
"ADA's tech is plummeting, bearish! #Cardano",bearish
"XRP's partnerships are bearish, dump! #XRP",bearish
"DOGE's energy is tanking, sell! #DOGE",bearish
"Trump's crypto push is crashing, sell! #BTC",bearish
"Crypto's adoption is bearish, tank! #Bitcoin",bearish
"BTC's value is crashing, sell! #BTC",bearish
"ETH's upgrades are tanking, bearish! #ETH",bearish
"SOL's ecosystem is plummeting, sell! #SOL",bearish
"ADA's governance is bearish, dump! #Cardano",bearish
"XRP's clarity is tanking, sell! #XRP",bearish
"DOGE's hype is bearish, crash! #DOGE",bearish
"Trump's vibe is plummeting, sell! #BTC",bearish
"Crypto's growth is bearish, dump! #Bitcoin",bearish
"BTC's resilience is tanking, sell! #BTC",bearish
"ETH's DeFi is bearish, crash! #ETH",bearish
"SOL's speed is tanking, sell! #SOL",bearish
"ADA's smart contracts are plummeting, bearish! #Cardano",bearish
"XRP's utility is bearish, dump! #XRP",bearish
"DOGE's community is tanking, sell! #DOGE",bearish
"Trump's support is bearish, crash! #BTC",bearish
"Crypto's potential is plummeting, sell! #Bitcoin",bearish
"BTC's strength is bearish, dump! #BTC",bearish
"ETH's staking is crashing, sell! #ETH",bearish
"SOL's DeFi is bearish, tank! #SOL",bearish
"ADA's tech is tanking, sell! #Cardano",bearish
"XRP's partnerships are plummeting, bearish! #XRP",bearish
"DOGE's energy is bearish, dump! #DOGE",bearish
"Trump's crypto push is tanking, sell! #BTC",bearish
"Crypto's adoption is bearish, crash! #Bitcoin",bearish
"BTC's value is plummeting, sell! #BTC",bearish
"ETH's upgrades are bearish, dump! #ETH",bearish
"SOL's ecosystem is tanking, sell! #SOL",bearish
"ADA's governance is crashing, bearish! #Cardano",bearish
"XRP's clarity is bearish, tank! #XRP",bearish
"DOGE's hype is plummeting, sell! #DOGE",bearish
"Trump's vibe is bearish, dump! #BTC",bearish
"Crypto's growth is tanking, sell! #Bitcoin",bearish
"BTC's resilience is bearish, crash! #BTC",bearish
"ETH's DeFi is tanking, sell! #ETH",bearish
"SOL's speed is bearish, dump! #SOL",bearish
"ADA's smart contracts are tanking, sell! #Cardano",bearish
"XRP's utility is bearish, crash! #XRP",bearish
"DOGE's community is plummeting, bearish! #DOGE",bearish
"Trump's confidence is bearish, tank! #BTC",bearish
"Crypto's potential is bearish, dump! #Bitcoin",bearish
"BTC's strength is tanking, sell! #BTC",bearish
"ETH's staking is plummeting, bearish! #ETH",bearish
"SOL's DeFi is bearish, crash! #SOL",bearish
"ADA's tech is bearish, tank! #Cardano",bearish
"XRP's partnerships are tanking, sell! #XRP",bearish
"DOGE's energy is plummeting, bearish! #DOGE",bearish